VIN (1-10),Model Year,Base MSRP,vehicle_id
JTMAB3FV3P,2023,0.0,0
7FCTGAAA1P,2023,0.0,1
ZACPDFCW7R,2024,0.0,2
KNDPYDDH2R,2024,0.0,3
5UX43EU02S,2025,0.0,4
7G2CEHEDXR,2024,0.0,5
JM3KKDHA1R,2024,0.0,6
KNDCR3L11P,2023,0.0,7
KNDRMDLH6R,2024,0.0,8
5UXTA6C08P,2023,0.0,9
5UXTA6C08P,2023,0.0,20
JA4T5WA9XR,2024,0.0,10
KNDC4DLC0P,2023,0.0,11
KNDC4DLC0P,2023,0.0,554
JTMEB3FV9R,2024,0.0,12
5LMYJ9YYXP,2023,0.0,13
4JGFB4GB5R,2024,0.0,14
YV4H60PF7S,2025,0.0,15
7SAYGDEE5P,2023,0.0,16
7SAYGDEE5P,2023,0.0,40
7SAYGDEE5P,2023,0.0,460
7SAYGDEFXP,2023,0.0,17
5YJSA1E58P,2023,0.0,18
5YJSA1E58P,2023,0.0,36
1G1FY6S04P,2023,0.0,19
1G1FY6S04P,2023,0.0,661
5UXTA6C08P,2023,0.0,9
5UXTA6C08P,2023,0.0,20
KNDC3DLC4R,2024,0.0,21
KNDC3DLC4R,2024,0.0,557
KM8S7DA28P,2023,0.0,22
5UX43EU03S,2025,0.0,23
5YJ3E1EB1R,2024,0.0,24
5YJ3E1EB1R,2024,0.0,534
KNDPZDAH8P,2023,0.0,25
JTJCJMGA7R,2024,0.0,26
JTJCJMGA7R,2024,0.0,432
7SAYGDEE9R,2024,0.0,27
7SAYGDEE9R,2024,0.0,227
5UXTA6C08P,2023,0.0,9
5UXTA6C08P,2023,0.0,20
1C4RJXN6XR,2024,0.0,28
KNDPYDDH8R,2024,0.0,29
KNDPYDDH8R,2024,0.0,379
3MW39FS08P,2023,0.0,30
YV4H60CK3P,2023,0.0,31
5UX43EU06R,2024,0.0,32
5UX43EU06R,2024,0.0,483
5YJ3E1EB0P,2023,0.0,33
5YJ3E1EB0P,2023,0.0,82
5YJ3E1EB0P,2023,0.0,521
7SAYGAEE4P,2023,0.0,34
7SAYGAEE4P,2023,0.0,95
7SAYGAEE4P,2023,0.0,125
7SAYGAEE1P,2023,0.0,35
7SAYGAEE1P,2023,0.0,181
5YJSA1E58P,2023,0.0,18
5YJSA1E58P,2023,0.0,36
1FMCU0E19P,2023,0.0,37
1FT6W7L70R,2024,0.0,38
1FT6W1EV6P,2023,0.0,39
7SAYGDEE5P,2023,0.0,16
7SAYGDEE5P,2023,0.0,40
7SAYGDEE5P,2023,0.0,460
1G1FZ6S04P,2023,0.0,41
1G1FZ6S04P,2023,0.0,262
KM8KRDAF2P,2023,0.0,42
KM8KRDAF2P,2023,0.0,643
7SAYGDEE1P,2023,0.0,43
7SAYGDEE1P,2023,0.0,64
1C4JJXR64P,2023,0.0,44
1N4AZ1BV1P,2023,0.0,45
7SAYGAEE1P,2023,0.0,35
7SAYGAEE1P,2023,0.0,181
5YJ3E1EA3R,2024,0.0,46
7SAYGDEE4P,2023,0.0,47
7SAYGDEE4P,2023,0.0,80
7SAYGDEE0R,2024,0.0,48
7SAYGDEE0R,2024,0.0,258
5YJ3E1EA0R,2024,0.0,49
KNDC4DLC3P,2023,0.0,50
KNDRMDLH1P,2023,0.0,51
7SAYGAEE1P,2023,0.0,35
7SAYGAEE1P,2023,0.0,181
5NMMCET10R,2024,0.0,52
7SAYGAEE7R,2024,0.0,53
7SAYGAEE7R,2024,0.0,65
7SAYGAEE7R,2024,0.0,601
WB523CF02P,2023,0.0,54
7SAYGDEE7P,2023,0.0,55
7SAYGDEE7P,2023,0.0,62
7SAYGDEE7P,2023,0.0,103
7SAYGDEE7P,2023,0.0,687
YV4ED3UM9P,2023,0.0,56
4JGGM5DB3R,2024,0.0,57
5YJ3E1EA0P,2023,0.0,58
5YJ3E1EA0P,2023,0.0,520
1C4JJXP69P,2023,0.0,59
1C4JJXP69P,2023,0.0,100
W1N9M0KB9P,2023,0.0,60
7SAYGAEE5R,2024,0.0,61
7SAYGDEE7P,2023,0.0,55
7SAYGDEE7P,2023,0.0,62
7SAYGDEE7P,2023,0.0,103
7SAYGDEE7P,2023,0.0,687
5YJ3E1EB9R,2024,0.0,63
7SAYGDEE1P,2023,0.0,43
7SAYGDEE1P,2023,0.0,64
7SAYGAEE7R,2024,0.0,53
7SAYGAEE7R,2024,0.0,65
7SAYGAEE7R,2024,0.0,601
KNDCR3LF5R,2024,0.0,66
1C4RJYB61P,2023,0.0,67
1C4RJYB61P,2023,0.0,226
7SAYGDEE2R,2024,0.0,68
7SAYGDEE2R,2024,0.0,135
7SAYGDEE2R,2024,0.0,344
7SAYGAEE8P,2023,0.0,69
7SAYGDEE3P,2023,0.0,70
7SAYGDEE3P,2023,0.0,351
1C4RJYB62P,2023,0.0,71
1C4RJXN65R,2024,0.0,72
1C4RJXN65R,2024,0.0,252
1C4RJXN65R,2024,0.0,465
JTMAB3FV9R,2024,0.0,73
JTMABABA8P,2023,0.0,74
1C4JJXN63P,2023,0.0,75
7PDSGABAXP,2023,0.0,76
7SAYGDEE2P,2023,0.0,77
7SAYGDEE2P,2023,0.0,183
7SAYGDEE2P,2023,0.0,663
5YJ3E1EB1P,2023,0.0,78
5YJSA1E54P,2023,0.0,79
7SAYGDEE4P,2023,0.0,47
7SAYGDEE4P,2023,0.0,80
7SAYGDEF9P,2023,0.0,81
5YJ3E1EB0P,2023,0.0,33
5YJ3E1EB0P,2023,0.0,82
5YJ3E1EB0P,2023,0.0,521
KNDC34LA5P,2023,0.0,83
1G1FZ6S03P,2023,0.0,84
7SAYGDED1R,2024,0.0,85
5YJ3E1EA3P,2023,0.0,86
5YJ3E1EA3P,2023,0.0,355
5YJ3E1EA3P,2023,0.0,362
7SAYGDEE5P,2023,0.0,16
7SAYGDEE5P,2023,0.0,40
7SAYGDEE5P,2023,0.0,460
WB523CF07S,2025,0.0,87
1C4RJXP67R,2024,0.0,88
KMHM34AC8P,2023,0.0,89
7SAYGDEF1P,2023,0.0,90
7SAYGDEF1P,2023,0.0,404
7PDSGBBA5S,2025,0.0,91
7SAYGDEE8P,2023,0.0,92
7SAYGDEE8P,2023,0.0,486
7SAYGDEE8P,2023,0.0,536
7SAYGDEE8P,2023,0.0,92
7SAYGDEE8P,2023,0.0,486
7SAYGDEE8P,2023,0.0,536
5YJ3E1EC7P,2023,0.0,93
1C4JJXP6XP,2023,0.0,94
7SAYGAEE4P,2023,0.0,34
7SAYGAEE4P,2023,0.0,95
7SAYGAEE4P,2023,0.0,125
KNDC3DLC8P,2023,0.0,96
7FCTGBAA1P,2023,0.0,97
7SAYGAEEXR,2024,0.0,98
W1KCG4EB9P,2023,0.0,99
1C4JJXP69P,2023,0.0,59
1C4JJXP69P,2023,0.0,100
7SAYGDEEXP,2023,0.0,101
7SAYGDEEXP,2023,0.0,107
7SAYGDEEXP,2023,0.0,439
5YJ3E1EA6P,2023,0.0,102
5YJ3E1EA6P,2023,0.0,424
5YJ3E1EA6P,2023,0.0,665
7SAYGDEE7P,2023,0.0,55
7SAYGDEE7P,2023,0.0,62
7SAYGDEE7P,2023,0.0,103
7SAYGDEE7P,2023,0.0,687
7SAYGDEF7R,2024,0.0,104
7SAYGAEE6R,2024,0.0,105
7SAYGAEE6R,2024,0.0,637
KNDCR3L1XP,2023,0.0,106
KNDCR3L1XP,2023,0.0,405
7SAYGDEEXP,2023,0.0,101
7SAYGDEEXP,2023,0.0,107
7SAYGDEEXP,2023,0.0,439
1C4RJYB63P,2023,0.0,108
JM3KKDHA9R,2024,0.0,109
1N4AZ1BVXP,2023,0.0,110
YSMEG3KA0P,2023,0.0,111
7SAYGDEE0P,2023,0.0,112
7SAYGDEE0P,2023,0.0,341
5YJ3E1EA1P,2023,0.0,113
5YJ3E1EA8P,2023,0.0,114
7SAYGAEE6P,2023,0.0,115
JTMABACA0R,2024,0.0,116
JTMABACA0R,2024,0.0,719
1C4JJXP6XP,2023,0.0,94
7FCTGBAA9P,2023,0.0,117
7FCTGBAA9P,2023,0.0,702
7SAYGDEE5P,2023,0.0,16
7SAYGDEE5P,2023,0.0,40
7SAYGDEE5P,2023,0.0,460
1GYKPMRL4R,2024,0.0,118
7SAYGDEE3R,2024,0.0,119
7SAYGDEE3R,2024,0.0,160
7SAYGDEE3R,2024,0.0,321
1C4JJXP63P,2023,0.0,120
7SAYGDEF8P,2023,0.0,121
7SAYGDEF8P,2023,0.0,583
JTMAB3FV4P,2023,0.0,122
1N4AZ1BV8R,2024,0.0,123
7SAYGAEE3P,2023,0.0,124
7SAYGAEE3P,2023,0.0,722
7SAYGAEE4P,2023,0.0,34
7SAYGAEE4P,2023,0.0,95
7SAYGAEE4P,2023,0.0,125
7SAYGDEEXR,2024,0.0,126
7SAYGDEEXR,2024,0.0,647
WBY33AW07P,2023,0.0,127
7SAYGDEF3P,2023,0.0,128
JM3KKEHA9R,2024,0.0,129
5YJ3E1EA1P,2023,0.0,113
1C4RJXP6XR,2024,0.0,130
4JGDM4EB9P,2023,0.0,131
1C4JJXP66P,2023,0.0,132
3FMTK3SU5P,2023,0.0,133
5YJ3E1EA7R,2024,0.0,134
7SAYGDEE2R,2024,0.0,68
7SAYGDEE2R,2024,0.0,135
7SAYGDEE2R,2024,0.0,344
JN1DF0CD7P,2023,0.0,136
1G1FY6S00P,2023,0.0,137
5YJ3E1EA4P,2023,0.0,138
5YJ3E1EA4P,2023,0.0,427
JN1BF0BA9P,2023,0.0,139
7SAYGDEE3P,2023,0.0,70
7SAYGDEE3P,2023,0.0,351
1V2DNPE88P,2023,0.0,140
7FCTGBAAXR,2024,0.0,141
7SAYGDEE6P,2023,0.0,142
7SAYGDEE6P,2023,0.0,182
7SAYGDEE6P,2023,0.0,367
7SAYGDEF6P,2023,0.0,143
7SAYGDEF6P,2023,0.0,201
1C4RJXP60R,2024,0.0,144
1C4RJYD61P,2023,0.0,145
KM8KN4DE2R,2024,0.0,146
1C4RJXN65R,2024,0.0,72
1C4RJXN65R,2024,0.0,252
1C4RJXN65R,2024,0.0,465
7SAYGDEE3P,2023,0.0,70
7SAYGDEE3P,2023,0.0,351
KNDCS3LF6R,2024,0.0,147
5YJ3E1EA6P,2023,0.0,102
5YJ3E1EA6P,2023,0.0,424
5YJ3E1EA6P,2023,0.0,665
7PDSGABA6R,2024,0.0,148
7PDSGABA6R,2024,0.0,694
KM8KNDDF5R,2024,0.0,149
YV4H60DE9P,2023,0.0,150
5YJ3E1EC1P,2023,0.0,151
1C4JJXR61P,2023,0.0,152
5YJ3E1EA7P,2023,0.0,153
5YJ3E1EA7P,2023,0.0,618
KNDC34LB8R,2024,0.0,154
1V2VMPE89P,2023,0.0,155
1C4RJXP6XR,2024,0.0,130
7SAYGDEE6P,2023,0.0,142
7SAYGDEE6P,2023,0.0,182
7SAYGDEE6P,2023,0.0,367
4JGGM1CB5P,2023,0.0,156
7SAYGDEE2P,2023,0.0,77
7SAYGDEE2P,2023,0.0,183
7SAYGDEE2P,2023,0.0,663
1G1FX6S08P,2023,0.0,157
WBY43AW03R,2024,0.0,158
1V2FMPE86P,2023,0.0,159
7SAYGDEE3R,2024,0.0,119
7SAYGDEE3R,2024,0.0,160
7SAYGDEE3R,2024,0.0,321
KM8JFDD28R,2024,0.0,161
7SAYGDEE5R,2024,0.0,162
7SAYGDEE5R,2024,0.0,301
7SAYGDEE4P,2023,0.0,47
7SAYGDEE4P,2023,0.0,80
1C4JJXP60P,2023,0.0,163
5YJ3E1EA6P,2023,0.0,102
5YJ3E1EA6P,2023,0.0,424
5YJ3E1EA6P,2023,0.0,665
WA1E2AFY8R,2024,0.0,164
7SAXCBE56P,2023,0.0,165
7PDSGBBA2R,2024,0.0,166
1C4RJYB65P,2023,0.0,167
7SAYGDEE3R,2024,0.0,119
7SAYGDEE3R,2024,0.0,160
7SAYGDEE3R,2024,0.0,321
7PDSGABA7R,2024,0.0,168
1C4JJXN67P,2023,0.0,169
1C4JJXN67P,2023,0.0,225
7SAYGDEEXP,2023,0.0,101
7SAYGDEEXP,2023,0.0,107
7SAYGDEEXP,2023,0.0,439
YV4H60DM6R,2024,0.0,170
KNDCR3LF6P,2023,0.0,171
1C4RJXU64R,2024,0.0,172
1FTVW1EL3P,2023,0.0,173
1FTVW1EL3P,2023,0.0,337
5YJ3E1EA9P,2023,0.0,174
5YJ3E1EA9P,2023,0.0,364
7SAYGDEE2P,2023,0.0,77
7SAYGDEE2P,2023,0.0,183
7SAYGDEE2P,2023,0.0,663
7SAYGDEF6P,2023,0.0,143
7SAYGDEF6P,2023,0.0,201
4JGGM1CB0P,2023,0.0,175
7SAYGDEF0P,2023,0.0,176
KNDPYDAH9P,2023,0.0,177
KM8K23AG0P,2023,0.0,178
7SAYGDEF0R,2024,0.0,179
KNDPYDAH6P,2023,0.0,180
7SAYGAEE1P,2023,0.0,35
7SAYGAEE1P,2023,0.0,181
7SAYGDEE6P,2023,0.0,142
7SAYGDEE6P,2023,0.0,182
7SAYGDEE6P,2023,0.0,367
7SAYGDEE2P,2023,0.0,77
7SAYGDEE2P,2023,0.0,183
7SAYGDEE2P,2023,0.0,663
5UXTA6C02P,2023,0.0,184
7SAYGDEEXP,2023,0.0,101
7SAYGDEEXP,2023,0.0,107
7SAYGDEEXP,2023,0.0,439
KNDPYDAH0P,2023,0.0,185
1C4RJYB60P,2023,0.0,186
7PDSGABA6P,2023,0.0,187
7SAYGDEF3P,2023,0.0,128
5YJ3E1EB6R,2024,0.0,188
7SAYGDEE1P,2023,0.0,43
7SAYGDEE1P,2023,0.0,64
JTMABACA6P,2023,0.0,189
KM8KRDDF0R,2024,0.0,190
7SAYGDEE9P,2023,0.0,191
7SAYGDEE9P,2023,0.0,236
7SAYGDEE9P,2023,0.0,611
JTMABABA9P,2023,0.0,192
7SAYGDED4R,2024,0.0,193
5YJ3E1EAXP,2023,0.0,194
5YJ3E1EAXP,2023,0.0,580
5YJ3E1EA2P,2023,0.0,195
1V2DNPE81P,2023,0.0,196
5YJSA1E50P,2023,0.0,197
5YJSA1E50P,2023,0.0,463
7SAYGDEE6P,2023,0.0,142
7SAYGDEE6P,2023,0.0,182
7SAYGDEE6P,2023,0.0,367
1FT6W1EV1P,2023,0.0,198
JN1CF0BB3P,2023,0.0,199
1C4JJXN61P,2023,0.0,200
7SAYGDEF6P,2023,0.0,143
7SAYGDEF6P,2023,0.0,201
7SAYGDEE4P,2023,0.0,47
7SAYGDEE4P,2023,0.0,80
5YJ3E1EA1P,2023,0.0,113
WB523CF06R,2024,0.0,202
7SAYGAEE4R,2024,0.0,203
1N4AZ1BV5P,2023,0.0,204
1C4RJXN63R,2024,0.0,205
7SAYGDEE0R,2024,0.0,48
7SAYGDEE0R,2024,0.0,258
JTJCJMGA9R,2024,0.0,206
4JGGM1CB4R,2024,0.0,207
7SAYGDEE4P,2023,0.0,47
7SAYGDEE4P,2023,0.0,80
5YJ3E1EA0P,2023,0.0,58
5YJ3E1EA0P,2023,0.0,520
1C4RJYB65P,2023,0.0,167
YV4H60DE6P,2023,0.0,208
7SAYGDEE7P,2023,0.0,55
7SAYGDEE7P,2023,0.0,62
7SAYGDEE7P,2023,0.0,103
7SAYGDEE7P,2023,0.0,687
JTMEB3FV4R,2024,0.0,209
YV4H60CNXP,2023,0.0,210
7SAYGDEE7P,2023,0.0,55
7SAYGDEE7P,2023,0.0,62
7SAYGDEE7P,2023,0.0,103
7SAYGDEE7P,2023,0.0,687
YSMET3KA1P,2023,0.0,211
7SAYGDEE7P,2023,0.0,55
7SAYGDEE7P,2023,0.0,62
7SAYGDEE7P,2023,0.0,103
7SAYGDEE7P,2023,0.0,687
3FMTK2SU5P,2023,0.0,212
1FMCU0E12P,2023,0.0,213
7SAYGAEE3P,2023,0.0,124
7SAYGAEE3P,2023,0.0,722
5YJ3E1EA4P,2023,0.0,138
5YJ3E1EA4P,2023,0.0,427
1GYKPTRL5R,2024,0.0,214
YV4ED3GL8P,2023,0.0,215
7SAXCAE53P,2023,0.0,216
KNDC4DLC9R,2024,0.0,217
JTMABABA6P,2023,0.0,218
WMW13DJ00R,2024,0.0,219
7SAYGDEE4R,2024,0.0,220
7SAYGDEE4R,2024,0.0,506
7SAYGDEE4R,2024,0.0,543
KNDCR3LF7R,2024,0.0,221
KM8K23AG8P,2023,0.0,222
5YJSA1E62P,2023,0.0,223
5YJSA1E62P,2023,0.0,376
YV4H60LF0R,2024,0.0,224
1C4JJXN67P,2023,0.0,169
1C4JJXN67P,2023,0.0,225
YSMET3KA1P,2023,0.0,211
1C4RJYB61P,2023,0.0,67
1C4RJYB61P,2023,0.0,226
7SAYGDEE1P,2023,0.0,43
7SAYGDEE1P,2023,0.0,64
7SAYGDEE9R,2024,0.0,27
7SAYGDEE9R,2024,0.0,227
1FTVW1EL9P,2023,0.0,228
1G1FX6S00P,2023,0.0,229
KNDC3DLC9P,2023,0.0,230
WBY73AW04P,2023,0.0,231
7PDSGABA1P,2023,0.0,232
7PDSGABA1P,2023,0.0,428
KNDAEFS50R,2024,0.0,233
7SAYGAEE9P,2023,0.0,234
7SAYGAEE1R,2024,0.0,235
7SAYGAEE1R,2024,0.0,600
7SAYGDEE9P,2023,0.0,191
7SAYGDEE9P,2023,0.0,236
7SAYGDEE9P,2023,0.0,611
KNDCS3LFXP,2023,0.0,237
7PDSGABA7P,2023,0.0,238
3GPKHZRJ3R,2024,0.0,239
7SAYGDEE6R,2024,0.0,240
7SAYGDEE6R,2024,0.0,675
1V25MPE89R,2024,0.0,241
1C4RJYB61P,2023,0.0,67
1C4RJYB61P,2023,0.0,226
1V2WNPE89P,2023,0.0,242
JTMABABA4R,2024,0.0,243
5YJ3E1EB5P,2023,0.0,244
YV4H60DL2P,2023,0.0,245
7SAYGAEE2P,2023,0.0,246
7SAYGAEE2P,2023,0.0,331
7SAYGDEF5P,2023,0.0,247
KM8KRDDF8R,2024,0.0,248
JM3KKEHA8R,2024,0.0,249
7SAYGDEE5P,2023,0.0,16
7SAYGDEE5P,2023,0.0,40
7SAYGDEE5P,2023,0.0,460
1G1FW6S03P,2023,0.0,250
1C4JJXP60P,2023,0.0,163
KNDAEFS57R,2024,0.0,251
1C4RJXN65R,2024,0.0,72
1C4RJXN65R,2024,0.0,252
1C4RJXN65R,2024,0.0,465
7SAYGDEF3P,2023,0.0,128
1G1FX6S05P,2023,0.0,253
KM8KNDAF4P,2023,0.0,254
5YJ3E1EB3P,2023,0.0,255
7SAYGDEF5P,2023,0.0,247
1N4CZ1CV4P,2023,0.0,256
KNDAFFS53R,2024,0.0,257
7SAYGDEE0R,2024,0.0,48
7SAYGDEE0R,2024,0.0,258
7SAYGAEE1P,2023,0.0,35
7SAYGAEE1P,2023,0.0,181
7SAYGDEE1P,2023,0.0,43
7SAYGDEE1P,2023,0.0,64
5YJ3E1EC9P,2023,0.0,259
KNDPYDAH7P,2023,0.0,260
WMW13DJ07P,2023,0.0,261
1G1FZ6S04P,2023,0.0,41
1G1FZ6S04P,2023,0.0,262
7SAYGDEE8P,2023,0.0,92
7SAYGDEE8P,2023,0.0,486
7SAYGDEE8P,2023,0.0,536
JTMFB3FV9R,2024,0.0,263
7SAYGDEE0P,2023,0.0,112
7SAYGDEE0P,2023,0.0,341
JA4T5VA99R,2024,0.0,264
1V2DNPE82P,2023,0.0,265
JN1DF0BB6R,2024,0.0,266
7PDSGABA4P,2023,0.0,267
ZACPDFCW4R,2024,0.0,268
5YJSA1E64P,2023,0.0,269
2C4RC1L74P,2023,0.0,270
7SAYGDEF2P,2023,0.0,271
7SAYGDEDXR,2024,0.0,272
1V2JNPE81P,2023,0.0,273
3FMTK3SU6P,2023,0.0,274
WBY33AW06P,2023,0.0,275
1GYKPTRLXR,2024,0.0,276
1G1FX6S06P,2023,0.0,277
1G1FX6S06P,2023,0.0,531
KNDC4DLC9P,2023,0.0,278
1G1FX6S07P,2023,0.0,279
7FCTGBAA6P,2023,0.0,280
JTMABABAXR,2024,0.0,281
JTMABABAXR,2024,0.0,352
1G1FY6S07P,2023,0.0,282
1G1FY6S07P,2023,0.0,308
5YJ3E1EA5P,2023,0.0,283
1FTVW1EL8P,2023,0.0,284
7SAYGDEE0R,2024,0.0,48
7SAYGDEE0R,2024,0.0,258
7SAYGDEE2P,2023,0.0,77
7SAYGDEE2P,2023,0.0,183
7SAYGDEE2P,2023,0.0,663
KM8JFDA28P,2023,0.0,285
1V2DNPE8XP,2023,0.0,286
7SAXCBE55P,2023,0.0,287
3FMTK4SX8P,2023,0.0,288
JTMABABA7R,2024,0.0,289
1V2WNPE82P,2023,0.0,290
1V2WNPE82P,2023,0.0,304
KMUKCDSC6R,2024,0.0,291
YV4H60CW0P,2023,0.0,292
1V2VMPE87P,2023,0.0,293
3FMTK4SX0P,2023,0.0,294
7SAYGAEE9P,2023,0.0,234
7SAYGDEE4R,2024,0.0,220
7SAYGDEE4R,2024,0.0,506
7SAYGDEE4R,2024,0.0,543
1G1FW6S05P,2023,0.0,295
7SAYGAEE6R,2024,0.0,105
7SAYGAEE6R,2024,0.0,637
4JGDM2EB4P,2023,0.0,296
KM8KNDAFXP,2023,0.0,297
1G1FZ6S08P,2023,0.0,298
WBY43AW07R,2024,0.0,299
1N4CZ1CV9P,2023,0.0,300
7SAYGDEE6P,2023,0.0,142
7SAYGDEE6P,2023,0.0,182
7SAYGDEE6P,2023,0.0,367
7SAYGDEE5R,2024,0.0,162
7SAYGDEE5R,2024,0.0,301
7SAYGAEE3P,2023,0.0,124
7SAYGAEE3P,2023,0.0,722
7SAYGDEEXP,2023,0.0,101
7SAYGDEEXP,2023,0.0,107
7SAYGDEEXP,2023,0.0,439
7SAYGDEE3P,2023,0.0,70
7SAYGDEE3P,2023,0.0,351
JTMFB3FV2P,2023,0.0,302
7SAYGAEE3R,2024,0.0,303
7SAYGAEE3R,2024,0.0,562
5YJ3E1EA2P,2023,0.0,195
1V2WNPE82P,2023,0.0,290
1V2WNPE82P,2023,0.0,304
7SAXCBE51R,2024,0.0,305
JN1BF0BA4R,2024,0.0,306
7SAYGDEEXP,2023,0.0,101
7SAYGDEEXP,2023,0.0,107
7SAYGDEEXP,2023,0.0,439
JN1DF0BB1P,2023,0.0,307
1G1FY6S07P,2023,0.0,282
1G1FY6S07P,2023,0.0,308
5YJ3E1EA2P,2023,0.0,195
7SAYGAEE0P,2023,0.0,309
5YJ3E1EB2R,2024,0.0,310
7PDSGABA1R,2024,0.0,311
7SAYGDEFXR,2024,0.0,312
7SAYGDEFXR,2024,0.0,365
7SAYGDEE3P,2023,0.0,70
7SAYGDEE3P,2023,0.0,351
WMZ23BS04P,2023,0.0,313
1C4JJXP65P,2023,0.0,314
1C4JJXP61P,2023,0.0,315
1C4JJXP61P,2023,0.0,688
WBY43AW00P,2023,0.0,316
1G1FX6S04P,2023,0.0,317
5YJ3E1ECXP,2023,0.0,318
7SAYGDEE2P,2023,0.0,77
7SAYGDEE2P,2023,0.0,183
7SAYGDEE2P,2023,0.0,663
3MW39FS03P,2023,0.0,319
1C4JJXP66P,2023,0.0,132
7PDSGABA4P,2023,0.0,267
WB523CF02R,2024,0.0,320
7SAYGDEE3R,2024,0.0,119
7SAYGDEE3R,2024,0.0,160
7SAYGDEE3R,2024,0.0,321
JA4T5WA95R,2024,0.0,322
1G1FZ6S00P,2023,0.0,323
1G1FZ6S00P,2023,0.0,574
7SAYGAEE4P,2023,0.0,34
7SAYGAEE4P,2023,0.0,95
7SAYGAEE4P,2023,0.0,125
JM3KKDHA6R,2024,0.0,324
7SAXCBE68P,2023,0.0,325
7SAYGDEE9R,2024,0.0,27
7SAYGDEE9R,2024,0.0,227
7SAYGDEE1P,2023,0.0,43
7SAYGDEE1P,2023,0.0,64
7SAYGDED8R,2024,0.0,326
1G1FW6S0XP,2023,0.0,327
1G1FW6S0XP,2023,0.0,430
1C4RJXP62R,2024,0.0,328
1C4JJXR69P,2023,0.0,329
5YJ3E1EA8P,2023,0.0,114
JA4T5VA9XP,2023,0.0,330
7SAYGDEFXP,2023,0.0,17
7SAYGAEE2P,2023,0.0,246
7SAYGAEE2P,2023,0.0,331
7PDSGABA4P,2023,0.0,267
WB523CF05R,2024,0.0,332
KNDCS3LF4P,2023,0.0,333
WA15AAGEXR,2024,0.0,334
5YJ3E1EA4P,2023,0.0,138
5YJ3E1EA4P,2023,0.0,427
1C4JJXN63P,2023,0.0,75
7SAXCDE53R,2024,0.0,335
7G2CEHED6R,2024,0.0,336
1FTVW1EL3P,2023,0.0,173
1FTVW1EL3P,2023,0.0,337
WB523CF01R,2024,0.0,338
7SAYGDEE1R,2024,0.0,339
7SAYGDEE5P,2023,0.0,16
7SAYGDEE5P,2023,0.0,40
7SAYGDEE5P,2023,0.0,460
1V2DNPE83P,2023,0.0,340
7SAYGDEE0P,2023,0.0,112
7SAYGDEE0P,2023,0.0,341
1C4JJXN68P,2023,0.0,342
7PDSGCBAXR,2024,0.0,343
7SAYGDEE9P,2023,0.0,191
7SAYGDEE9P,2023,0.0,236
7SAYGDEE9P,2023,0.0,611
7SAYGDEE2R,2024,0.0,68
7SAYGDEE2R,2024,0.0,135
7SAYGDEE2R,2024,0.0,344
7SAYGDEE3R,2024,0.0,119
7SAYGDEE3R,2024,0.0,160
7SAYGDEE3R,2024,0.0,321
1C4JJXP6XP,2023,0.0,94
JTMAB3FV1P,2023,0.0,345
7SAYGDEE7R,2024,0.0,346
5YJ3E1EA1P,2023,0.0,113
JTMEB3FV5R,2024,0.0,347
1V2WNPE83P,2023,0.0,348
1V2WNPE83P,2023,0.0,396
JTMEB3FV7R,2024,0.0,349
WP0BB2Y13P,2023,0.0,350
7SAYGDEE7P,2023,0.0,55
7SAYGDEE7P,2023,0.0,62
7SAYGDEE7P,2023,0.0,103
7SAYGDEE7P,2023,0.0,687
7SAYGDEE6P,2023,0.0,142
7SAYGDEE6P,2023,0.0,182
7SAYGDEE6P,2023,0.0,367
7SAYGDEE3P,2023,0.0,70
7SAYGDEE3P,2023,0.0,351
JTMABABAXR,2024,0.0,281
JTMABABAXR,2024,0.0,352
WP0AA2Y1XR,2024,0.0,353
7SAYGAEE3P,2023,0.0,124
7SAYGAEE3P,2023,0.0,722
WBY73AW0XP,2023,0.0,354
5YJ3E1EA3P,2023,0.0,86
5YJ3E1EA3P,2023,0.0,355
5YJ3E1EA3P,2023,0.0,362
7SAYGAEE2P,2023,0.0,246
7SAYGAEE2P,2023,0.0,331
WBY33AW09R,2024,0.0,356
ZACPDFDW1R,2024,0.0,357
KNDC3DLC6P,2023,0.0,358
5YJSA1E64P,2023,0.0,269
YV4H600N4P,2023,0.0,359
7SAYGDED7R,2024,0.0,360
7SAYGDED7R,2024,0.0,378
KM8KRDAF4P,2023,0.0,361
5YJ3E1EB1P,2023,0.0,78
7SAYGDEE4P,2023,0.0,47
7SAYGDEE4P,2023,0.0,80
5YJ3E1EA3P,2023,0.0,86
5YJ3E1EA3P,2023,0.0,355
5YJ3E1EA3P,2023,0.0,362
7SAYGAEE1R,2024,0.0,235
7SAYGAEE1R,2024,0.0,600
YV4ED3GM3P,2023,0.0,363
5YJ3E1EA9P,2023,0.0,174
5YJ3E1EA9P,2023,0.0,364
1C4JJXP69P,2023,0.0,59
1C4JJXP69P,2023,0.0,100
7SAYGDEFXR,2024,0.0,312
7SAYGDEFXR,2024,0.0,365
WBY43AW0XR,2024,0.0,366
7SAYGDEE6P,2023,0.0,142
7SAYGDEE6P,2023,0.0,182
7SAYGDEE6P,2023,0.0,367
1C4JJXN69P,2023,0.0,368
7SAYGDEEXR,2024,0.0,126
7SAYGDEEXR,2024,0.0,647
KNDC3DLC3R,2024,0.0,369
1C4JJXP60P,2023,0.0,163
1C4RJXP64R,2024,0.0,370
5YJ3E1EAXP,2023,0.0,194
5YJ3E1EAXP,2023,0.0,580
1C4RJYB67P,2023,0.0,371
JM1DRADB6P,2023,0.0,372
YV4ER3XM4R,2024,0.0,373
1G1FZ6S06P,2023,0.0,374
1G1FZ6S06P,2023,0.0,572
KNDPZDAH5P,2023,0.0,375
5YJSA1E62P,2023,0.0,223
5YJSA1E62P,2023,0.0,376
YSMED3KA5P,2023,0.0,377
7SAYGDEE3P,2023,0.0,70
7SAYGDEE3P,2023,0.0,351
7SAYGDED7R,2024,0.0,360
7SAYGDED7R,2024,0.0,378
KNDPYDDH8R,2024,0.0,29
KNDPYDDH8R,2024,0.0,379
KMHM34AC0P,2023,0.0,380
7SAYGDEE8R,2024,0.0,381
1C4RJXP65R,2024,0.0,382
KNDRMDLH8P,2023,0.0,383
7SAYGDEE0R,2024,0.0,48
7SAYGDEE0R,2024,0.0,258
7SAYGDEE0P,2023,0.0,112
7SAYGDEE0P,2023,0.0,341
3GNKDBRJ7R,2024,0.0,384
3FMTK3SUXP,2023,0.0,385
KM8KNDAF8P,2023,0.0,386
7SAYGAEE3P,2023,0.0,124
7SAYGAEE3P,2023,0.0,722
7SAYGDEE4P,2023,0.0,47
7SAYGDEE4P,2023,0.0,80
1V2WNPE80P,2023,0.0,387
KNDC3DLC9R,2024,0.0,388
KNDC3DLC9R,2024,0.0,680
WA1E2AFY4P,2023,0.0,389
KM8JBDD21R,2024,0.0,390
1C4JJXR66P,2023,0.0,391
JTMABABA6P,2023,0.0,218
W1KCG5FBXP,2023,0.0,392
7SAXCAE58P,2023,0.0,393
3GNKDCRJ3R,2024,0.0,394
3GNKDCRJ3R,2024,0.0,711
1FTVW1EV0P,2023,0.0,395
1V2WNPE83P,2023,0.0,348
1V2WNPE83P,2023,0.0,396
7SAYGAEE0R,2024,0.0,397
7SAYGAEE0R,2024,0.0,714
W1KEG5DB6P,2023,0.0,398
1G1FX6S09P,2023,0.0,399
1G1FX6S09P,2023,0.0,642
5UX43EU07R,2024,0.0,400
KM8KRDDF7R,2024,0.0,401
KM8KRDDF7R,2024,0.0,660
1C4JJXR6XP,2023,0.0,402
1C4JJXR6XP,2023,0.0,569
KNDCT3L11P,2023,0.0,403
7SAYGDEF1P,2023,0.0,90
7SAYGDEF1P,2023,0.0,404
KNDCR3L1XP,2023,0.0,106
KNDCR3L1XP,2023,0.0,405
7SAYGDEE0P,2023,0.0,112
7SAYGDEE0P,2023,0.0,341
3FMTK4SE6P,2023,0.0,406
7SAYGDEE0R,2024,0.0,48
7SAYGDEE0R,2024,0.0,258
5YJ3E1EA9P,2023,0.0,174
5YJ3E1EA9P,2023,0.0,364
5YJ3E1EA3P,2023,0.0,86
5YJ3E1EA3P,2023,0.0,355
5YJ3E1EA3P,2023,0.0,362
7SAXCBE63P,2023,0.0,407
7SAYGDEF4P,2023,0.0,408
7PDSGBBA9P,2023,0.0,409
7SAYGDEE0P,2023,0.0,112
7SAYGDEE0P,2023,0.0,341
7SAYGDEE8R,2024,0.0,381
WA1F2BFY8P,2023,0.0,410
5YJ3E1EA1R,2024,0.0,411
1FTVW3LKXR,2024,0.0,412
3FMTK4SE0P,2023,0.0,413
1C4JJXN60P,2023,0.0,414
1C4JJXN60P,2023,0.0,438
7SAXCBE65P,2023,0.0,415
5YJ3E1EA5R,2024,0.0,416
5YJ3E1EA5R,2024,0.0,538
7SAYGDEE2P,2023,0.0,77
7SAYGDEE2P,2023,0.0,183
7SAYGDEE2P,2023,0.0,663
1C4RJYB65R,2024,0.0,417
YV1H60EP9R,2024,0.0,418
1G1FY6S07P,2023,0.0,282
1G1FY6S07P,2023,0.0,308
2C4RC1S7XP,2023,0.0,419
7SAYGDEE4R,2024,0.0,220
7SAYGDEE4R,2024,0.0,506
7SAYGDEE4R,2024,0.0,543
WB523CF03R,2024,0.0,420
KM8KMDDF7R,2024,0.0,421
5UXTA6C03P,2023,0.0,422
7SAXCAE51P,2023,0.0,423
7SAYGDEE2P,2023,0.0,77
7SAYGDEE2P,2023,0.0,183
7SAYGDEE2P,2023,0.0,663
5YJ3E1EA4P,2023,0.0,138
5YJ3E1EA4P,2023,0.0,427
5YJ3E1EAXP,2023,0.0,194
5YJ3E1EAXP,2023,0.0,580
5YJ3E1EA6P,2023,0.0,102
5YJ3E1EA6P,2023,0.0,424
5YJ3E1EA6P,2023,0.0,665
JA4T5VA95P,2023,0.0,425
7SAXCDE54R,2024,0.0,426
5YJ3E1EA4P,2023,0.0,138
5YJ3E1EA4P,2023,0.0,427
7PDSGABA1P,2023,0.0,232
7PDSGABA1P,2023,0.0,428
1C4RJXP60R,2024,0.0,144
JTMEB3FV4R,2024,0.0,209
WAUCJBFW4P,2023,0.0,429
1C4JJXP66P,2023,0.0,132
1G1FW6S0XP,2023,0.0,327
1G1FW6S0XP,2023,0.0,430
7PDSGABA9P,2023,0.0,431
1C4JJXR6XP,2023,0.0,402
1C4JJXR6XP,2023,0.0,569
JTJCJMGA7R,2024,0.0,26
JTJCJMGA7R,2024,0.0,432
7PDSGABA7P,2023,0.0,238
YV4H60CX1P,2023,0.0,433
7SAYGDEE8R,2024,0.0,381
1C4JJXR68P,2023,0.0,434
5YJ3E1EA6P,2023,0.0,102
5YJ3E1EA6P,2023,0.0,424
5YJ3E1EA6P,2023,0.0,665
JA4T5UA94P,2023,0.0,435
WB523CF08R,2024,0.0,436
7SAYGAEE0P,2023,0.0,309
KNDCT3L16R,2024,0.0,437
1C4JJXN60P,2023,0.0,414
1C4JJXN60P,2023,0.0,438
7SAYGDEE0R,2024,0.0,48
7SAYGDEE0R,2024,0.0,258
7SAYGDEEXP,2023,0.0,101
7SAYGDEEXP,2023,0.0,107
7SAYGDEEXP,2023,0.0,439
7SAYGDEE5P,2023,0.0,16
7SAYGDEE5P,2023,0.0,40
7SAYGDEE5P,2023,0.0,460
7SAXCAE56P,2023,0.0,440
WA16ABGEXR,2024,0.0,441
1C4RJYB68P,2023,0.0,442
5YJ3E1EA3P,2023,0.0,86
5YJ3E1EA3P,2023,0.0,355
5YJ3E1EA3P,2023,0.0,362
7FCTGBAA3P,2023,0.0,443
7SAYGDEF5P,2023,0.0,247
WBY73AW06P,2023,0.0,444
JM3KKEHA3R,2024,0.0,445
3MW39FF01P,2023,0.0,446
3FMTK3SU6P,2023,0.0,274
7SAYGDEF7R,2024,0.0,104
WBY13HG00S,2025,0.0,447
JTMABABA8P,2023,0.0,74
5YJ3E1EA6P,2023,0.0,102
5YJ3E1EA6P,2023,0.0,424
5YJ3E1EA6P,2023,0.0,665
5YJ3E1EC8P,2023,0.0,448
JTMAB3FV3R,2024,0.0,449
1G1FZ6S01P,2023,0.0,450
7SAYGDEE4R,2024,0.0,220
7SAYGDEE4R,2024,0.0,506
7SAYGDEE4R,2024,0.0,543
1V2WSPE81R,2024,0.0,451
JTJAAAAB5P,2023,0.0,452
3GNKDBRJ9R,2024,0.0,453
5YJ3E1EA6P,2023,0.0,102
5YJ3E1EA6P,2023,0.0,424
5YJ3E1EA6P,2023,0.0,665
WBY53EJ08R,2024,0.0,454
7SAYGDEDXR,2024,0.0,272
WBY43FK01R,2024,0.0,455
1V2GNPE80P,2023,0.0,456
2C4RC1S76P,2023,0.0,457
WP0AA2Y15R,2024,0.0,458
KNDRMDLHXP,2023,0.0,459
7SAYGDEE5P,2023,0.0,16
7SAYGDEE5P,2023,0.0,40
7SAYGDEE5P,2023,0.0,460
1C4JJXN62P,2023,0.0,461
7SAYGDEF7P,2023,0.0,462
7SAYGDEF7P,2023,0.0,469
7SAYGDEE3P,2023,0.0,70
7SAYGDEE3P,2023,0.0,351
5YJSA1E50P,2023,0.0,197
5YJSA1E50P,2023,0.0,463
1C4JJXP66P,2023,0.0,132
1V2VMPE85P,2023,0.0,464
1C4RJXN65R,2024,0.0,72
1C4RJXN65R,2024,0.0,252
1C4RJXN65R,2024,0.0,465
1G1FY6S06P,2023,0.0,466
7SAYGDEE5P,2023,0.0,16
7SAYGDEE5P,2023,0.0,40
7SAYGDEE5P,2023,0.0,460
7SAXCDE55P,2023,0.0,467
7SAYGDEE1P,2023,0.0,43
7SAYGDEE1P,2023,0.0,64
1C4RJXR69R,2024,0.0,468
7SAYGDEE3P,2023,0.0,70
7SAYGDEE3P,2023,0.0,351
7SAYGAEE4P,2023,0.0,34
7SAYGAEE4P,2023,0.0,95
7SAYGAEE4P,2023,0.0,125
7SAYGDEF7P,2023,0.0,462
7SAYGDEF7P,2023,0.0,469
KNDPZDAH9P,2023,0.0,470
KNDPYDAH8P,2023,0.0,471
KNDPYDAH8P,2023,0.0,511
WAUFJBFW2R,2024,0.0,472
5UX43EU00R,2024,0.0,473
KM8K23AG1P,2023,0.0,474
7SAYGDEE7P,2023,0.0,55
7SAYGDEE7P,2023,0.0,62
7SAYGDEE7P,2023,0.0,103
7SAYGDEE7P,2023,0.0,687
1FT6W1EV5P,2023,0.0,475
1G1FZ6S0XP,2023,0.0,476
2C4RC1L72P,2023,0.0,477
1C4RJYB62P,2023,0.0,71
7SAYGDEE2R,2024,0.0,68
7SAYGDEE2R,2024,0.0,135
7SAYGDEE2R,2024,0.0,344
WB533CF01P,2023,0.0,478
1G1FX6S08P,2023,0.0,157
7SAYGDEE3R,2024,0.0,119
7SAYGDEE3R,2024,0.0,160
7SAYGDEE3R,2024,0.0,321
7SAYGDEE1P,2023,0.0,43
7SAYGDEE1P,2023,0.0,64
7SAYGDEF2R,2024,0.0,479
7SAYGDEE9P,2023,0.0,191
7SAYGDEE9P,2023,0.0,236
7SAYGDEE9P,2023,0.0,611
KM8KRDDF1R,2024,0.0,480
5YJ3E1EA4P,2023,0.0,138
5YJ3E1EA4P,2023,0.0,427
1C4RJYB69P,2023,0.0,481
W1N9M0KB7P,2023,0.0,482
1N4AZ1BV1P,2023,0.0,45
7SAYGDEE2R,2024,0.0,68
7SAYGDEE2R,2024,0.0,135
7SAYGDEE2R,2024,0.0,344
7SAYGDEE2P,2023,0.0,77
7SAYGDEE2P,2023,0.0,183
7SAYGDEE2P,2023,0.0,663
5UX43EU06R,2024,0.0,32
5UX43EU06R,2024,0.0,483
3FMTK4SE4P,2023,0.0,484
KNDCT3L14R,2024,0.0,485
7SAYGDEE8P,2023,0.0,92
7SAYGDEE8P,2023,0.0,486
7SAYGDEE8P,2023,0.0,536
KNDC3DLC2R,2024,0.0,487
JTMCB3FV7P,2023,0.0,488
VCF1UBU28P,2023,0.0,489
5YJ3E1EAXP,2023,0.0,194
5YJ3E1EAXP,2023,0.0,580
KM8K23AG8P,2023,0.0,222
7SAYGAEE9R,2024,0.0,490
KNDAEFS59R,2024,0.0,491
4JGGM1CB2P,2023,0.0,492
KMHM54AC6R,2024,0.0,493
WBY43AW06R,2024,0.0,494
5YJ3E1EA4P,2023,0.0,138
5YJ3E1EA4P,2023,0.0,427
5YJ3E1EC1P,2023,0.0,151
YV4H60DW6P,2023,0.0,495
1N4AZ1BV2R,2024,0.0,496
50EA1TEA1R,2024,0.0,497
KNDCT3L12P,2023,0.0,498
7SAYGDED5P,2023,0.0,499
JTMABABA2R,2024,0.0,500
1C4JJXP6XP,2023,0.0,94
7SAYGDEEXP,2023,0.0,101
7SAYGDEEXP,2023,0.0,107
7SAYGDEEXP,2023,0.0,439
1C4JJXR65P,2023,0.0,501
5YJ3E1EA1R,2024,0.0,411
7SAXCAE55P,2023,0.0,502
1V2VMPE83P,2023,0.0,503
1G1FZ6S09P,2023,0.0,504
1C4JJXN66P,2023,0.0,505
7SAYGDEE4R,2024,0.0,220
7SAYGDEE4R,2024,0.0,506
7SAYGDEE4R,2024,0.0,543
WBY33AW0XP,2023,0.0,507
3FMTK3SU9P,2023,0.0,508
YV4H60CV4P,2023,0.0,509
7PDSGABA3P,2023,0.0,510
7PDSGABA3P,2023,0.0,692
KNDPYDAH8P,2023,0.0,471
KNDPYDAH8P,2023,0.0,511
7FCTGAAA4P,2023,0.0,512
7SAYGDEE3P,2023,0.0,70
7SAYGDEE3P,2023,0.0,351
5UX43EU03R,2024,0.0,513
5UXTA6C09P,2023,0.0,514
KM8KNDDF2R,2024,0.0,515
7SAYGDEE3P,2023,0.0,70
7SAYGDEE3P,2023,0.0,351
JTJAAAAB1P,2023,0.0,516
7SAYGAEE7R,2024,0.0,53
7SAYGAEE7R,2024,0.0,65
7SAYGAEE7R,2024,0.0,601
7SAYGDEE2P,2023,0.0,77
7SAYGDEE2P,2023,0.0,183
7SAYGDEE2P,2023,0.0,663
1C4JJXP68P,2023,0.0,517
7SAYGDED0P,2023,0.0,518
5YJ3E1EA2P,2023,0.0,195
5YJ3E1EA1P,2023,0.0,113
7SAYGDEE0P,2023,0.0,112
7SAYGDEE0P,2023,0.0,341
7SAYGAEE4P,2023,0.0,34
7SAYGAEE4P,2023,0.0,95
7SAYGAEE4P,2023,0.0,125
1C4JJXP6XP,2023,0.0,94
5YJSA1E59P,2023,0.0,519
7SAYGDEE3P,2023,0.0,70
7SAYGDEE3P,2023,0.0,351
5YJ3E1EA0P,2023,0.0,58
5YJ3E1EA0P,2023,0.0,520
1C4JJXN61P,2023,0.0,200
7SAYGAEE2P,2023,0.0,246
7SAYGAEE2P,2023,0.0,331
5YJ3E1EB0P,2023,0.0,33
5YJ3E1EB0P,2023,0.0,82
5YJ3E1EB0P,2023,0.0,521
1N4AZ1BV6P,2023,0.0,522
YV4ED3UM0P,2023,0.0,523
3FMTK3SU1P,2023,0.0,524
7SAXCBE56P,2023,0.0,165
JN1BF0BA5R,2024,0.0,525
7SAYGAEE7R,2024,0.0,53
7SAYGAEE7R,2024,0.0,65
7SAYGAEE7R,2024,0.0,601
5YJ3E1EAXP,2023,0.0,194
5YJ3E1EAXP,2023,0.0,580
7SAYGDEE9P,2023,0.0,191
7SAYGDEE9P,2023,0.0,236
7SAYGDEE9P,2023,0.0,611
3MW39FF00P,2023,0.0,526
2C4RC1S71R,2024,0.0,527
7SAYGDEE5P,2023,0.0,16
7SAYGDEE5P,2023,0.0,40
7SAYGDEE5P,2023,0.0,460
KNDPZDDH0R,2024,0.0,528
7SAXCBE67P,2023,0.0,529
7SAYGDEE7P,2023,0.0,55
7SAYGDEE7P,2023,0.0,62
7SAYGDEE7P,2023,0.0,103
7SAYGDEE7P,2023,0.0,687
1V2GNPE89P,2023,0.0,530
1G1FX6S06P,2023,0.0,277
1G1FX6S06P,2023,0.0,531
3FMTK3R48P,2023,0.0,532
JTMABABAXR,2024,0.0,281
JTMABABAXR,2024,0.0,352
5UXTA6C06P,2023,0.0,533
5UXTA6C06P,2023,0.0,679
5YJ3E1EB1R,2024,0.0,24
5YJ3E1EB1R,2024,0.0,534
7FCTGBAA0R,2024,0.0,535
5YJ3E1EA3P,2023,0.0,86
5YJ3E1EA3P,2023,0.0,355
5YJ3E1EA3P,2023,0.0,362
7SAYGDEE8P,2023,0.0,92
7SAYGDEE8P,2023,0.0,486
7SAYGDEE8P,2023,0.0,536
5YJSA1E5XP,2023,0.0,537
5YJ3E1EA5R,2024,0.0,416
5YJ3E1EA5R,2024,0.0,538
7SAYGDEE3P,2023,0.0,70
7SAYGDEE3P,2023,0.0,351
JA4T5UA91P,2023,0.0,539
5YJ3E1EA3P,2023,0.0,86
5YJ3E1EA3P,2023,0.0,355
5YJ3E1EA3P,2023,0.0,362
JM3KKBHA2R,2024,0.0,540
1V2CMPE89P,2023,0.0,541
7SAYGDEE8P,2023,0.0,92
7SAYGDEE8P,2023,0.0,486
7SAYGDEE8P,2023,0.0,536
50EA1TEA6P,2023,0.0,542
JM3KKDHA9R,2024,0.0,109
7SAYGDEE1P,2023,0.0,43
7SAYGDEE1P,2023,0.0,64
7SAYGDEE4R,2024,0.0,220
7SAYGDEE4R,2024,0.0,506
7SAYGDEE4R,2024,0.0,543
3FMTK3SU0P,2023,0.0,544
3FMTK3SU0P,2023,0.0,650
1C4JJXP62P,2023,0.0,545
JTMAB3FVXP,2023,0.0,546
7PDSGBBA7P,2023,0.0,547
3FMTK4SE2P,2023,0.0,548
7SAYGAEE6P,2023,0.0,115
7PDSGABLXR,2024,0.0,549
3FMTK3SU2P,2023,0.0,550
YSMED3KAXP,2023,0.0,551
7SAYGDEE7P,2023,0.0,55
7SAYGDEE7P,2023,0.0,62
7SAYGDEE7P,2023,0.0,103
7SAYGDEE7P,2023,0.0,687
5YJ3E1EA1P,2023,0.0,113
7SAYGDEE3R,2024,0.0,119
7SAYGDEE3R,2024,0.0,160
7SAYGDEE3R,2024,0.0,321
7SAYGDEE0P,2023,0.0,112
7SAYGDEE0P,2023,0.0,341
1C4JJXP66P,2023,0.0,132
50EA1TEA2P,2023,0.0,552
5YJ3E1EA6P,2023,0.0,102
5YJ3E1EA6P,2023,0.0,424
5YJ3E1EA6P,2023,0.0,665
WP0AB2Y15R,2024,0.0,553
KNDC4DLC0P,2023,0.0,11
KNDC4DLC0P,2023,0.0,554
KNDAFFS59R,2024,0.0,555
5YJ3E1EB8R,2024,0.0,556
7SAYGDEE8P,2023,0.0,92
7SAYGDEE8P,2023,0.0,486
7SAYGDEE8P,2023,0.0,536
7SAYGDEF4P,2023,0.0,408
KNDC3DLC4R,2024,0.0,21
KNDC3DLC4R,2024,0.0,557
7PDSGABL8P,2023,0.0,558
7SAXCDE55R,2024,0.0,559
7SAYGDEE5P,2023,0.0,16
7SAYGDEE5P,2023,0.0,40
7SAYGDEE5P,2023,0.0,460
7SAYGDEE6P,2023,0.0,142
7SAYGDEE6P,2023,0.0,182
7SAYGDEE6P,2023,0.0,367
4JGDM2EB2P,2023,0.0,560
7SAYGDEE7P,2023,0.0,55
7SAYGDEE7P,2023,0.0,62
7SAYGDEE7P,2023,0.0,103
7SAYGDEE7P,2023,0.0,687
7SAYGDEF3P,2023,0.0,128
1C4JJXN62P,2023,0.0,461
5YJ3E1ET2R,2024,0.0,561
7SAYGAEE3R,2024,0.0,303
7SAYGAEE3R,2024,0.0,562
KNDADFS55R,2024,0.0,563
KM8KRDDF2R,2024,0.0,564
5YJSA1E63P,2023,0.0,565
1FTVW1ELXP,2023,0.0,566
KNDC3DLC6P,2023,0.0,358
JA4T5UA93P,2023,0.0,567
WP0BB2Y1XR,2024,0.0,568
1C4JJXR6XP,2023,0.0,402
1C4JJXR6XP,2023,0.0,569
1C4RJYB6XP,2023,0.0,570
1C4RJYB6XP,2023,0.0,657
ZACPDFDW0R,2024,0.0,571
1G1FZ6S06P,2023,0.0,374
1G1FZ6S06P,2023,0.0,572
7SAYGDEE5R,2024,0.0,162
7SAYGDEE5R,2024,0.0,301
7SAYGDEF2P,2023,0.0,271
1C4JJXN65P,2023,0.0,573
1G1FZ6S00P,2023,0.0,323
1G1FZ6S00P,2023,0.0,574
5YJ3E1EB4P,2023,0.0,575
5YJ3E1EB7P,2023,0.0,576
7SAYGDEE0R,2024,0.0,48
7SAYGDEE0R,2024,0.0,258
KM8K23AG2P,2023,0.0,577
KM8K53AG9P,2023,0.0,578
7SAYGDEE5P,2023,0.0,16
7SAYGDEE5P,2023,0.0,40
7SAYGDEE5P,2023,0.0,460
1C4JJXN68P,2023,0.0,342
4JGGM1CB8P,2023,0.0,579
7SAYGDEE6P,2023,0.0,142
7SAYGDEE6P,2023,0.0,182
7SAYGDEE6P,2023,0.0,367
5YJ3E1EA6P,2023,0.0,102
5YJ3E1EA6P,2023,0.0,424
5YJ3E1EA6P,2023,0.0,665
7SAYGDEE9P,2023,0.0,191
7SAYGDEE9P,2023,0.0,236
7SAYGDEE9P,2023,0.0,611
5YJ3E1EAXP,2023,0.0,194
5YJ3E1EAXP,2023,0.0,580
WBY83FB04R,2024,0.0,581
7SAYGDEE7P,2023,0.0,55
7SAYGDEE7P,2023,0.0,62
7SAYGDEE7P,2023,0.0,103
7SAYGDEE7P,2023,0.0,687
1G1FZ6S08P,2023,0.0,298
7SAYGDEE9P,2023,0.0,191
7SAYGDEE9P,2023,0.0,236
7SAYGDEE9P,2023,0.0,611
1C4RJXP69R,2024,0.0,582
7SAYGDEF8P,2023,0.0,121
7SAYGDEF8P,2023,0.0,583
1C4RJXP69R,2024,0.0,582
1G1FY6S01P,2023,0.0,584
1C4RJXN60R,2024,0.0,585
7SAYGDEEXP,2023,0.0,101
7SAYGDEEXP,2023,0.0,107
7SAYGDEEXP,2023,0.0,439
7SAYGAEE2P,2023,0.0,246
7SAYGAEE2P,2023,0.0,331
7FCTGBAA2P,2023,0.0,586
KM8KRDAF6P,2023,0.0,587
7SAYGDEE0P,2023,0.0,112
7SAYGDEE0P,2023,0.0,341
KM8K23AG8P,2023,0.0,222
KNDC34LAXR,2024,0.0,588
7SAYGAEE8P,2023,0.0,69
WB523CF08R,2024,0.0,436
1C4JJXN62P,2023,0.0,461
1G1FZ6S03P,2023,0.0,84
JTMABABA0P,2023,0.0,589
7SAYGDEE4P,2023,0.0,47
7SAYGDEE4P,2023,0.0,80
7SAXCBE53P,2023,0.0,590
JTJKKCFZ6R,2024,0.0,591
1C4JJXP64P,2023,0.0,592
1C4JJXP63P,2023,0.0,120
1C4RJXP63R,2024,0.0,593
KM8KRDDF2R,2024,0.0,564
1C4JJXR64P,2023,0.0,44
JTMABACA3R,2024,0.0,594
5YJ3E1EA9P,2023,0.0,174
5YJ3E1EA9P,2023,0.0,364
KM8JFDD23R,2024,0.0,595
1G1FX6S00P,2023,0.0,229
5YJ3E1EA8P,2023,0.0,114
7SAXCAE58P,2023,0.0,393
1C4JJXR67P,2023,0.0,596
7SAYGAEE8R,2024,0.0,597
2C4RC1N73P,2023,0.0,598
1N4AZ1BV8P,2023,0.0,599
7SAYGAEE1R,2024,0.0,235
7SAYGAEE1R,2024,0.0,600
7SAYGAEE7R,2024,0.0,53
7SAYGAEE7R,2024,0.0,65
7SAYGAEE7R,2024,0.0,601
JTJHKCFZ2R,2024,0.0,602
KM8HC3A68R,2024,0.0,603
7SAYGDEE7P,2023,0.0,55
7SAYGDEE7P,2023,0.0,62
7SAYGDEE7P,2023,0.0,103
7SAYGDEE7P,2023,0.0,687
7SAXCDE50P,2023,0.0,604
KNDAFFS57R,2024,0.0,605
7SAYGDEE8P,2023,0.0,92
7SAYGDEE8P,2023,0.0,486
7SAYGDEE8P,2023,0.0,536
7SAYGDEEXR,2024,0.0,126
7SAYGDEEXR,2024,0.0,647
7SAYGDEE2R,2024,0.0,68
7SAYGDEE2R,2024,0.0,135
7SAYGDEE2R,2024,0.0,344
KM8KNDAF9P,2023,0.0,606
KNDCR3L14R,2024,0.0,607
3GPKHXRJ7R,2024,0.0,608
1V2HMPE83P,2023,0.0,609
1V2GNPE8XP,2023,0.0,610
YSMET3KA1P,2023,0.0,211
7SAYGDEE9P,2023,0.0,191
7SAYGDEE9P,2023,0.0,236
7SAYGDEE9P,2023,0.0,611
1C4JJXN6XP,2023,0.0,612
5YJ3E1EC6P,2023,0.0,613
1C4JJXN63P,2023,0.0,75
5UX43EU02R,2024,0.0,614
1C4JJXP66P,2023,0.0,132
YV1H60EP5R,2024,0.0,615
7SAYGDEE6P,2023,0.0,142
7SAYGDEE6P,2023,0.0,182
7SAYGDEE6P,2023,0.0,367
JTMABABA8R,2024,0.0,616
7PDSGBBA1P,2023,0.0,617
7SAYGDEE3R,2024,0.0,119
7SAYGDEE3R,2024,0.0,160
7SAYGDEE3R,2024,0.0,321
5YJ3E1EA7P,2023,0.0,153
5YJ3E1EA7P,2023,0.0,618
WBY33AW05R,2024,0.0,619
JTMAB3FV7R,2024,0.0,620
1C4JJXN68P,2023,0.0,342
1G1FY6S09P,2023,0.0,621
5YJ3E1EB5R,2024,0.0,622
1C4JJXN62P,2023,0.0,461
7SAYGAEE0R,2024,0.0,397
7SAYGAEE0R,2024,0.0,714
WBY33AW09R,2024,0.0,356
1GYKPWRL0R,2024,0.0,623
1C4JJXP61P,2023,0.0,315
1C4JJXP61P,2023,0.0,688
JN1BF0BAXP,2023,0.0,624
KNDPZDAH6P,2023,0.0,625
3GN7DLRR4R,2024,0.0,626
7SAYGDEE9R,2024,0.0,27
7SAYGDEE9R,2024,0.0,227
WB523CF03R,2024,0.0,420
1N4AZ1BV0P,2023,0.0,627
7FCTGBAA0P,2023,0.0,628
1G1FY6S05P,2023,0.0,629
KNDCT3L13P,2023,0.0,630
1FT6W1EV2P,2023,0.0,631
1C4RJXP68R,2024,0.0,632
3FMTK4SX2P,2023,0.0,633
1C4RJYB66P,2023,0.0,634
7PDSGABA8P,2023,0.0,635
5YJ3E1EB3R,2024,0.0,636
5YJ3E1EA9P,2023,0.0,174
5YJ3E1EA9P,2023,0.0,364
1C4JJXP64P,2023,0.0,592
7SAYGAEE6R,2024,0.0,105
7SAYGAEE6R,2024,0.0,637
KNDAFFS55R,2024,0.0,638
YV4H60DL1R,2024,0.0,639
WBY73AW05P,2023,0.0,640
5YJ3E1EB8P,2023,0.0,641
1G1FX6S09P,2023,0.0,399
1G1FX6S09P,2023,0.0,642
5YJ3E1EA0P,2023,0.0,58
5YJ3E1EA0P,2023,0.0,520
7SAYGDEE0P,2023,0.0,112
7SAYGDEE0P,2023,0.0,341
KM8KRDAF2P,2023,0.0,42
KM8KRDAF2P,2023,0.0,643
5YJ3E1EA9R,2024,0.0,644
5YJ3E1EA9R,2024,0.0,697
7SAYGDEE2P,2023,0.0,77
7SAYGDEE2P,2023,0.0,183
7SAYGDEE2P,2023,0.0,663
5YJ3E1EA3P,2023,0.0,86
5YJ3E1EA3P,2023,0.0,355
5YJ3E1EA3P,2023,0.0,362
7SAYGDEF6R,2024,0.0,645
7SAYGDEF6R,2024,0.0,668
WA15AAGE9R,2024,0.0,646
7SAYGDEEXR,2024,0.0,126
7SAYGDEEXR,2024,0.0,647
5YJ3E1EA4P,2023,0.0,138
5YJ3E1EA4P,2023,0.0,427
1N4CZ1CV3P,2023,0.0,648
1V2CMPE86P,2023,0.0,649
7SAYGAEE8P,2023,0.0,69
3FMTK3SU0P,2023,0.0,544
3FMTK3SU0P,2023,0.0,650
1C4RJXR68R,2024,0.0,651
1C4RJYE63P,2023,0.0,652
KNDC4DLC7P,2023,0.0,653
3FMTK1SS3P,2023,0.0,654
1G1FY6S08P,2023,0.0,655
YSMET3KA9P,2023,0.0,656
1C4RJYB6XP,2023,0.0,570
1C4RJYB6XP,2023,0.0,657
4W5KHNRL1R,2024,0.0,658
JM3KKEHA0R,2024,0.0,659
KM8KRDDF7R,2024,0.0,401
KM8KRDDF7R,2024,0.0,660
7SAYGDEE0P,2023,0.0,112
7SAYGDEE0P,2023,0.0,341
1G1FY6S01P,2023,0.0,584
1G1FY6S04P,2023,0.0,19
1G1FY6S04P,2023,0.0,661
WA1DAAGEXR,2024,0.0,662
7SAYGDEE0R,2024,0.0,48
7SAYGDEE0R,2024,0.0,258
7SAYGDEE4P,2023,0.0,47
7SAYGDEE4P,2023,0.0,80
7SAYGDEE2P,2023,0.0,77
7SAYGDEE2P,2023,0.0,183
7SAYGDEE2P,2023,0.0,663
WB523CF04R,2024,0.0,664
7SAYGDEE4P,2023,0.0,47
7SAYGDEE4P,2023,0.0,80
7SAYGDEE1R,2024,0.0,339
5YJ3E1EA6P,2023,0.0,102
5YJ3E1EA6P,2023,0.0,424
5YJ3E1EA6P,2023,0.0,665
7SAYGDEE2P,2023,0.0,77
7SAYGDEE2P,2023,0.0,183
7SAYGDEE2P,2023,0.0,663
5YJ3E1EA7P,2023,0.0,153
5YJ3E1EA7P,2023,0.0,618
7SAYGDEE0P,2023,0.0,112
7SAYGDEE0P,2023,0.0,341
7SAYGAEE8R,2024,0.0,597
7SAYGAEE7P,2023,0.0,666
YSMET3KA1P,2023,0.0,211
4JGGM1CB1P,2023,0.0,667
1C4JJXP68P,2023,0.0,517
7SAYGDEE1P,2023,0.0,43
7SAYGDEE1P,2023,0.0,64
7SAYGDEF6R,2024,0.0,645
7SAYGDEF6R,2024,0.0,668
7G2CEHED7R,2024,0.0,669
KNDC3DLC2P,2023,0.0,670
5UXTA6C04P,2023,0.0,671
1V2CMPE85P,2023,0.0,672
KNDADFS59R,2024,0.0,673
1FMCU0E14P,2023,0.0,674
7SAYGDEE6R,2024,0.0,240
7SAYGDEE6R,2024,0.0,675
WP0AB2Y18R,2024,0.0,676
5UXTA6C0XP,2023,0.0,677
7PDSGBBA9R,2024,0.0,678
7SAYGDEE9P,2023,0.0,191
7SAYGDEE9P,2023,0.0,236
7SAYGDEE9P,2023,0.0,611
7SAYGDEE8R,2024,0.0,381
5UXTA6C06P,2023,0.0,533
5UXTA6C06P,2023,0.0,679
5UXTA6C06P,2023,0.0,533
5UXTA6C06P,2023,0.0,679
1C4JJXP66P,2023,0.0,132
5YJ3E1EA4P,2023,0.0,138
5YJ3E1EA4P,2023,0.0,427
KNDC3DLC9R,2024,0.0,388
KNDC3DLC9R,2024,0.0,680
WP0AA2Y12R,2024,0.0,681
JTMABACA8P,2023,0.0,682
KNDADFS54R,2024,0.0,683
7SAYGDEE0P,2023,0.0,112
7SAYGDEE0P,2023,0.0,341
YSMED3KA7P,2023,0.0,684
KNDCR3LF0P,2023,0.0,685
5YJ3E1EA4P,2023,0.0,138
5YJ3E1EA4P,2023,0.0,427
1N4CZ1CV5R,2024,0.0,686
7SAYGDEE7P,2023,0.0,55
7SAYGDEE7P,2023,0.0,62
7SAYGDEE7P,2023,0.0,103
7SAYGDEE7P,2023,0.0,687
1C4JJXP61P,2023,0.0,315
1C4JJXP61P,2023,0.0,688
7SAYGDEEXR,2024,0.0,126
7SAYGDEEXR,2024,0.0,647
7SAYGDEE4P,2023,0.0,47
7SAYGDEE4P,2023,0.0,80
7SAYGDEE0R,2024,0.0,48
7SAYGDEE0R,2024,0.0,258
7G2CEHEE4R,2024,0.0,689
5UX43EU00S,2025,0.0,690
7SAXCAE57P,2023,0.0,691
7PDSGABA3P,2023,0.0,510
7PDSGABA3P,2023,0.0,692
7SAYGDED3P,2023,0.0,693
7PDSGABA6R,2024,0.0,148
7PDSGABA6R,2024,0.0,694
1G1FY6S02P,2023,0.0,695
KM8KNDAF1P,2023,0.0,696
5YJ3E1EA9R,2024,0.0,644
5YJ3E1EA9R,2024,0.0,697
7G2CEHED0R,2024,0.0,698
1GYKPWRL5R,2024,0.0,699
7SAYGDEE5R,2024,0.0,162
7SAYGDEE5R,2024,0.0,301
KM8KRDAF0P,2023,0.0,700
KNDCR3L19P,2023,0.0,701
7FCTGBAA9P,2023,0.0,117
7FCTGBAA9P,2023,0.0,702
KNDPYDAH5P,2023,0.0,703
WA1F2AFY1R,2024,0.0,704
JTMAB3FV6P,2023,0.0,705
KNDCR3L10R,2024,0.0,706
KNDAEFS56R,2024,0.0,707
7SAYGDEEXP,2023,0.0,101
7SAYGDEEXP,2023,0.0,107
7SAYGDEEXP,2023,0.0,439
5YJ3E1EA9R,2024,0.0,644
5YJ3E1EA9R,2024,0.0,697
7SAYGDEE2P,2023,0.0,77
7SAYGDEE2P,2023,0.0,183
7SAYGDEE2P,2023,0.0,663
7SAYGDEE9P,2023,0.0,191
7SAYGDEE9P,2023,0.0,236
7SAYGDEE9P,2023,0.0,611
5YJ3E1EA1P,2023,0.0,113
1FTVW3LKXR,2024,0.0,412
KNDADFS5XR,2024,0.0,708
7SAYGDEF2P,2023,0.0,271
7SAYGDEF5R,2024,0.0,709
KM8K23AGXP,2023,0.0,710
3GNKDCRJ3R,2024,0.0,394
3GNKDCRJ3R,2024,0.0,711
1C4JJXP61P,2023,0.0,315
1C4JJXP61P,2023,0.0,688
W1N9M0KB8P,2023,0.0,712
7SAYGDEE4P,2023,0.0,47
7SAYGDEE4P,2023,0.0,80
JTMABABA2P,2023,0.0,713
7SAYGAEE0R,2024,0.0,397
7SAYGAEE0R,2024,0.0,714
7SAYGDEE9R,2024,0.0,27
7SAYGDEE9R,2024,0.0,227
7SAYGDEE6R,2024,0.0,240
7SAYGDEE6R,2024,0.0,675
KM8JFDD27R,2024,0.0,715
1C4JJXP67P,2023,0.0,716
7PDSGABA9R,2024,0.0,717
5YJ3E1EBXP,2023,0.0,718
5YJ3E1EB6R,2024,0.0,188
JTMABACA0R,2024,0.0,116
JTMABACA0R,2024,0.0,719
1G1FY6S03P,2023,0.0,720
KNDAEFS53R,2024,0.0,721
7SAYGAEE3P,2023,0.0,124
7SAYGAEE3P,2023,0.0,722
